Motorista,1
Ônibus,A
Via,Batalhão PM/Av. Nações
06:10,,,UNIVASF Campus Juazeiro,-9.4115315,-40.512718
06:12,,,Sanfra Motos,-9.4128318,-40.506496500000026
06:15,,,AABB,-9.4173347,-40.50718710000001
06:20,,,Estação Velha,-9.430649,-40.5035379999999
06:23,,,Farmácia Popular,-9.434184,-40.50129149999998
06:35,,,UNIVASF Campus Petrolina Centro,-9.3292003,-40.5512665
